--
-- Script was generated by Devart dbForge Studio 2020 for MySQL, Version 9.0.791.0
-- Product home page: http://www.devart.com/dbforge/mysql/studio
-- Script date 24/03/2022 21:04:38
-- Server version: 10.4.22
-- Client version: 4.1
--

-- 
-- Disable foreign keys
-- 
/*!40014 SET @OLD_FOREIGN_KEY_CHECKS=@@FOREIGN_KEY_CHECKS, FOREIGN_KEY_CHECKS=0 */;

-- 
-- Set SQL mode
-- 
/*!40101 SET @OLD_SQL_MODE=@@SQL_MODE, SQL_MODE='NO_AUTO_VALUE_ON_ZERO' */;

-- 
-- Set character set the client will use to send SQL statements to the server
--
SET NAMES 'utf8';

DROP DATABASE IF EXISTS project;

CREATE DATABASE project
	CHARACTER SET utf8
	COLLATE utf8_hungarian_ci;

--
-- Set default database
--
USE project;

--
-- Create table `user`
--
CREATE TABLE user (
  id INT(11) NOT NULL AUTO_INCREMENT,
  email VARCHAR(50) NOT NULL,
  username VARCHAR(255) DEFAULT NULL,
  fullname VARCHAR(255) DEFAULT NULL,
  password VARCHAR(255) NOT NULL,
  category_id INT(10) UNSIGNED DEFAULT NULL,
  instrument_id INT(10) UNSIGNED DEFAULT NULL,
  recent_sheets LONGTEXT BINARY CHARACTER SET utf8mb4 COLLATE utf8mb4_bin DEFAULT NULL CHECK (json_valid(`recent_sheets`)),
  img VARCHAR(255) DEFAULT NULL,
  PRIMARY KEY (id)
)
ENGINE = INNODB,
AUTO_INCREMENT = 5,
AVG_ROW_LENGTH = 10922,
CHARACTER SET utf8,
COLLATE utf8_hungarian_ci;

--
-- Create table `uploaded_music`
--
CREATE TABLE uploaded_music (
  id INT(11) NOT NULL AUTO_INCREMENT,
  title VARCHAR(50) DEFAULT NULL,
  slug VARCHAR(50) DEFAULT NULL,
  embed TEXT DEFAULT NULL,
  instrument_id INT(11) DEFAULT NULL,
  genre_id INT(11) DEFAULT NULL,
  writeyear INT(11) DEFAULT NULL,
  artist_id INT(11) DEFAULT NULL,
  description TEXT DEFAULT NULL,
  user_id INT(11) DEFAULT NULL,
  PRIMARY KEY (id)
)
ENGINE = INNODB,
AUTO_INCREMENT = 8,
AVG_ROW_LENGTH = 2340,
CHARACTER SET utf8,
COLLATE utf8_hungarian_ci;

--
-- Create table `liked_post`
--
CREATE TABLE liked_post (
  id INT(11) NOT NULL AUTO_INCREMENT,
  music_id INT(11) DEFAULT NULL,
  user_id INT(11) DEFAULT NULL,
  date DATE DEFAULT NULL,
  PRIMARY KEY (id)
)
ENGINE = INNODB,
AUTO_INCREMENT = 38,
AVG_ROW_LENGTH = 16384,
CHARACTER SET utf8,
COLLATE utf8_hungarian_ci;

--
-- Create table `instruments`
--
CREATE TABLE instruments (
  id INT(11) NOT NULL AUTO_INCREMENT,
  instrument_name VARCHAR(255) DEFAULT NULL,
  image VARCHAR(255) DEFAULT NULL,
  PRIMARY KEY (id)
)
ENGINE = INNODB,
AUTO_INCREMENT = 6,
AVG_ROW_LENGTH = 3276,
CHARACTER SET utf8,
COLLATE utf8_hungarian_ci;

--
-- Create table `comments`
--
CREATE TABLE comments (
  id INT(11) NOT NULL AUTO_INCREMENT,
  date DATE DEFAULT NULL,
  comment VARCHAR(255) DEFAULT NULL,
  user_id INT(11) DEFAULT NULL,
  music_id INT(11) DEFAULT NULL,
  PRIMARY KEY (id)
)
ENGINE = INNODB,
AUTO_INCREMENT = 18,
AVG_ROW_LENGTH = 10922,
CHARACTER SET utf8,
COLLATE utf8_hungarian_ci;

--
-- Create table `category`
--
CREATE TABLE category (
  id INT(11) NOT NULL AUTO_INCREMENT,
  category VARCHAR(50) DEFAULT NULL,
  PRIMARY KEY (id)
)
ENGINE = INNODB,
AUTO_INCREMENT = 18,
AVG_ROW_LENGTH = 1092,
CHARACTER SET utf8,
COLLATE utf8_hungarian_ci;

--
-- Create table `artist`
--
CREATE TABLE artist (
  id INT(11) NOT NULL AUTO_INCREMENT,
  name VARCHAR(50) DEFAULT NULL,
  slug VARCHAR(50) DEFAULT NULL,
  user_id INT(11) DEFAULT NULL,
  born_age INT(11) DEFAULT NULL,
  death_age INT(11) DEFAULT NULL,
  description LONGTEXT DEFAULT NULL,
  instrument_id INT(11) DEFAULT NULL,
  category_id INT(11) DEFAULT NULL,
  country_name VARCHAR(50) DEFAULT NULL,
  city_name VARCHAR(50) DEFAULT NULL,
  img VARCHAR(50) DEFAULT NULL,
  PRIMARY KEY (id)
)
ENGINE = INNODB,
AUTO_INCREMENT = 10,
AVG_ROW_LENGTH = 2730,
CHARACTER SET utf8,
COLLATE utf8_hungarian_ci;

-- 
-- Dumping data for table user
--
INSERT INTO user VALUES
(3, 'Admin@admin', 'Admin', 'Admin', '$2y$12$XqnbI3kFX6iq9cskmnMPb.nLEQvDTdrcCfCaONqTTSraMmOY0e8a2', 0, 0, '{"recent_sheets":[{"date":"2022-03-24","time":"18:27:54","sheet_id":"1"},{"date":"2022-03-24","time":"18:18:06","sheet_id":"3"},{"date":"2022-03-24","time":"18:18:05","sheet_id":"3"}]}', '623ca7db8079e8.97883456.jpg'),
(4, 'dobrosi.gergo13@gmail.com', 'rainchov_geri', 'Dobrosi Gergő', '$2y$12$EFHyLo27xVc1QCI8mMCApOZa0a0SNzqb7CkyAglgH6kleW.0ywrY6', 15, 4, '{"recent_sheets":[{"date":"2022-03-22","time":"00:08:59","sheet_id":"4"},{"date":"2022-03-21","time":"17:41:27","sheet_id":"1"},{"date":"2022-03-21","time":"17:40:43","sheet_id":"1"}]}', '6238a49b291c67.29392230.jpg');

-- 
-- Dumping data for table uploaded_music
--
INSERT INTO uploaded_music VALUES
(1, 'Nocturne Opus 9 No. 1 in B♭ Minor', 'nocturne-opus-9-no-1-in-b-minor', '<iframe width="100%" height="394" src="https://musescore.com/user/19710/scores/686793057984209/embed" frameborder="0" allowfullscreen allow="autoplay; fullscreen"></iframe>\r\n<span><a href="https://musescore.com/user/19710/scores/127045" target="_blank">Nocturnes, Op.9</a> by <a href="https://musescore.com/classicman">ClassicMan</a></span>', 4, 15, 1823, 1, 'The Nocturnes, Opus 9 are a set of three nocturnes written by Frédéric Chopin between 1830 and 1832 and dedicated to Madame Camille Pleyel. The work was published in 1832.', 3),
(2, 'Prélude Opus 28 No. 4 in E Minor', 'prelude-opus-28-no-4-in-e-minor', '<iframe width="100%" height="394" src="https://musescore.com/user/19710/scores/875095043664166/embed" frameborder="0" allowfullscreen allow="autoplay; fullscreen"></iframe>\r\n<span><a href="https://musescore.com/user/19710/scores/65474" target="_blank">Preludes, Op.28</a> by <a href="https://musescore.com/classicman">ClassicMan</a></span>', 4, 15, 1823, 1, 'The Prélude Op. 28, No. 4, by Frédéric Chopin, is considered by many to be one of the most famous of the Chopin preludes. By Chopin request, the piece was played at his own funeral by Franz Liszt on a pipe organ.', 3),
(3, 'River Flows in you', 'river-flows-in-you', '<iframe width="100%" height="394" src="https://musescore.com/user/12461571/scores/3291706/embed" frameborder="0" allowfullscreen allow="autoplay; fullscreen"></iframe>\r\n<span><a href="https://musescore.com/user/12461571/scores/3291706" target="_blank">River Flows In You</a> by <a href="https://musescore.com/user/12461571">emmy langevin</a></span>', 4, 15, 1710, 9, 'A kedvenc kottám azért töltöm fel', 3),
(4, 'Passacaglia', 'passacaglia', '<iframe width="100%" height="394" src="https://musescore.com/user/31423751/scores/5619808/embed" frameborder="0" allowfullscreen allow="autoplay; fullscreen"></iframe>\r\n<span><a href="https://musescore.com/user/31423751/scores/5619808" target="_blank">Passacaglia For Violin And Viola</a> by <a href="https://musescore.com/user/31423751">Dennis Kovale', 4, 10, 2000, 1, 'Tavaszi zene.', 4),
(5, 'Prelude in C-sharp Minor, Opus 3 No. 2', 'prelude-in-c-sharp-minor-opus-3-no-2', '<iframe width="100%" height="394" src="https://musescore.com/user/2660886/scores/2101171/embed" frameborder="0" allowfullscreen allow="autoplay; fullscreen"></iframe>\r\n<span><a href="https://musescore.com/user/2660886/scores/2101171" target="_blank">Morceaux De Fantaisie, Op.3</a> by <a href="https://musescore.com/luubluum">LuuBluum</a></span>', 4, 15, 1892, 5, 'Rahmanyinov hírhedt prelúdiuma c-mollban,  amivel hírnevet szerzett.', 4),
(6, 'Piano Concerto No. 2 (Op. 18)', 'piano-concerto-no-2-op-18', '<iframe width="100%" height="394" src="https://musescore.com/user/32106469/scores/5914051/embed" frameborder="0" allowfullscreen allow="autoplay; fullscreen"></iframe>\r\n<span><a href="https://musescore.com/user/32106469/scores/5914051" target="_blank">Piano Concerto No.2, Op.18</a> by <a href="https://musescore.com/user/32106469">DanMurray</a></span', 4, 15, 1901, 5, '2. c-moll zongoraverseny, op. 18, egy versenymű zongorára és zenekarra, amelyet Szergej Rahmanyinov komponált 1900 ősze és 1901 áprilisa között. Rahmanyinov egyik legnépszerűbb darabja, amely versenyműszerzőként alapozta meg hírnevét.', 4),
(7, 'Etude-Tableau op. 39 no. 6', 'etude-tableau-op-39-no-6', '<iframe width="100%" height="394" src="https://musescore.com/user/454/scores/21648/embed" frameborder="0" allowfullscreen allow="autoplay; fullscreen"></iframe>\r\n<span><a href="https://musescore.com/user/454/scores/21648" target="_blank">Études-tableaux, Op.39</a> by <a href="https://musescore.com/user/454">Pianoth</a></span>', 4, 15, 1900, 1, 'Rachmaninoff-tól egyik legnehezebb és legszebb darabja', 4);

-- 
-- Dumping data for table liked_post
--
INSERT INTO liked_post VALUES
(12, 2, 3, '2022-03-21'),
(13, 1, 4, '2022-03-21');

-- 
-- Dumping data for table instruments
--
INSERT INTO instruments VALUES
(1, 'Gitár', 'guitar.png'),
(2, 'Furulya', 'flute.png'),
(3, 'Elektromos gitár', 'electric-guitar.png'),
(4, 'Zongora', 'piano.png'),
(5, 'Hegedű', 'violin.png');

-- 
-- Dumping data for table comments
--
INSERT INTO comments VALUES
(11, '2022-03-19', 'asd', 3, 1),
(12, '2022-03-19', 'asd', 3, 1),
(13, '2022-03-19', 'asd', 3, 1);

-- 
-- Dumping data for table category
--
INSERT INTO category VALUES
(1, 'Afrikai'),
(2, 'Ázsiai'),
(3, 'Avantgárd'),
(4, 'Blues'),
(5, 'Komédia'),
(6, 'Country'),
(7, 'Elektronikus'),
(8, 'Népi'),
(9, 'Hip-hop zene'),
(10, 'Dzsessz'),
(11, 'Latin'),
(12, 'Pop'),
(13, 'R&B'),
(14, 'Rock'),
(15, 'Klasszikus'),
(16, 'Romantika'),
(17, 'new age zene');

-- 
-- Dumping data for table artist
--
INSERT INTO artist VALUES
(1, 'Frédéric Chopin', 'frederic-chopin', 3, 1810, 1849, 'A Varsói Hercegség Mazovia tartományában, a Sochaczew város melletti Żelazowa Wolában született. Bár a születés után hetekkel kitöltött anyakönyvben február 22. szerepel, a család március 1-jét tekintette születésnapjának. Édesapja, Mikołaj (Nicolas) Chopin (1771–1844) francia bevándorló, édesanyja, Tekla Justyna Krzyżanowska (1782–1861) lengyel volt. Egy nővére és két húga volt Chopinnek: Ludwika (1807–1855), Izabela (1811–1881) és Emilia (1812–1827). Néhány hónappal Fryderyk születése után a család Varsóba költözött, ahol a családfő franciatanárként dolgoz\r\n', 1, 15, 'Hungary', 'Debrecen', '623c477ea45949.15736160.jpg'),
(2, 'Ludwig van Beethoven', 'ludwig-van-beethoven', 3, 1770, 1827, 'Beethoven was born in Bonn. His musical talent was obvious at an early age. He was initially harshly and intensively taught by his father Johann van Beethoven. Beethoven was later taught by the composer and conductor Christian Gottlob Neefe, under whose tutelage he published his first work, a set of keyboard variations, in 1783. He found relief fro', 3, 5, 'Németország', 'Bonn', '498px-Beethoven.jpg'),
(5, 'Sergey Rachmaninov', 'sergey-rachmaninov', 3, 1873, 1943, 'Sergey Rachmaninov vagy Szergej Rahmanyinov (az angolos formát az emigrációban kezdte használni), oroszul: Сергей Васильевич Рахманинов [Szergej Vasziljevics Rahmanyinov] (Szemjonovo, Novgorodi kormányzóság, 1873. április 1. – Los Angeles, Kalifornia, 1943. március 28.) orosz zeneszerző, zongoraművész és karmester.', 4, 15, 'Oroszország', 'Szemjonovo', '623ca9ddb4d5c1.56398982.jpg'),
(6, 'Robert Schumann', 'robert-schumann', 4, 1810, 1856, 'A romantikus zene egyik legkiemelkedőbb és legnépszerűbb alakja, és az egyik legnagyobb tiszteletnek örvendő zenekritikus volt.\r\n\r\nZongoraművek, szimfóniák, dalok alkotója.\r\n\r\nMűvészi útjának tragédiája abban áll, hogy életművének legkevésbé tervezett 10–12 éve zseniálisan sikerült és halhatatlan lett, viszont érett férfikorának megalapozott, megtervez', 4, 16, 'Németország', 'Zwickau', '6238de475b9d24.60379564.jpg'),
(7, 'Pierre Boulez', 'pierre-boulez', 4, 1925, 2016, 'Matematikai tanulmányok után 1942-ben Párizsba költözött. Két évvel később a Conservatoire-on Olivier Messiaen osztályába került. Itt zeneszerzést, analízist, René Leibowitz vezetésével dodekafon technikát tanult. 1946-ban a Renaud-Barrault színtársulat zenei vezetője lett, ekkor írta első műveit (Szonatina fuvolára és zongorára, 1. zongoraszonáta,', 4, 15, 'Francia', 'Montbrison', '6238dee27bb749.72815836.jpg'),
(8, 'Karlheinz Stockhausen ', 'karlheinz-stockhausen', 4, 1928, 2007, '\r\nA Köln melletti Mödrathban született. 1947-1950-ig a kölni zeneművészeti főiskolán tanult, 1950-1951-ig Frank Martin, 1952-53-ig Milhaud és Messiaen volt a mestere. Párizsi tanulmányútján került kapcsolatba a Francia Rádió elektronikus zenei stúdiójának vezetőjével, Pierre Schaefferrel. Egy ideig a bonni egyetemen fizikát és akusztikát hallgatott,', 5, 7, 'Németország', 'Kempen ', '6238dfc9cb94c2.69360095.jpg'),
(9, 'Yiruma', 'yiruma', 3, 1978, 0, 'Yiruma (születési neve: I Ruma, koreaiul: 이루마; Dél-Korea, 1978. február 15. –) nemzetközileg ismert zongorista és zeneszerző.\r\n\r\nA Yiruma művésznév koreai nyelven annyit tesz: „elérlek”, „a szívedbe lopom magam”. Yiruma telt házas koncerteket ad Ázsiában, Európában és Észak-Amerikában egyaránt. Az angliai King’s College Londonban végezte tanulmányait', 4, 1, 'Dél-Korea', 'Seoul', '623a69f31b4ed6.63746138.jpg');

-- 
-- Restore previous SQL mode
-- 
/*!40101 SET SQL_MODE=@OLD_SQL_MODE */;

-- 
-- Enable foreign keys
-- 
/*!40014 SET FOREIGN_KEY_CHECKS=@OLD_FOREIGN_KEY_CHECKS */;