--
-- Script was generated by Devart dbForge Studio 2020 for MySQL, Version 9.0.791.0
-- Product home page: http://www.devart.com/dbforge/mysql/studio
-- Script date 2022. 03. 16. 12:04:48
-- Server version: 10.4.22
-- Client version: 4.1
--

-- 
-- Disable foreign keys
-- 
/*!40014 SET @OLD_FOREIGN_KEY_CHECKS=@@FOREIGN_KEY_CHECKS, FOREIGN_KEY_CHECKS=0 */;

-- 
-- Set SQL mode
-- 
/*!40101 SET @OLD_SQL_MODE=@@SQL_MODE, SQL_MODE='NO_AUTO_VALUE_ON_ZERO' */;

-- 
-- Set character set the client will use to send SQL statements to the server
--
SET NAMES 'utf8';

--
-- Set default database
--
USE project;

--
-- Drop table `artist`
--
DROP TABLE IF EXISTS artist;

--
-- Drop table `category`
--
DROP TABLE IF EXISTS category;

--
-- Drop table `comments`
--
DROP TABLE IF EXISTS comments;

--
-- Drop table `instruments`
--
DROP TABLE IF EXISTS instruments;

--
-- Drop table `liked_post`
--
DROP TABLE IF EXISTS liked_post;

--
-- Drop table `uploaded_music`
--
DROP TABLE IF EXISTS uploaded_music;

--
-- Drop table `user`
--
DROP TABLE IF EXISTS user;

--
-- Set default database
--
USE project;

--
-- Create table `user`
--
CREATE TABLE user (
  id int(11) NOT NULL AUTO_INCREMENT,
  email varchar(50) NOT NULL,
  username varchar(255) DEFAULT NULL,
  fullname varchar(255) DEFAULT NULL,
  img varchar(255) DEFAULT NULL,
  password varchar(255) NOT NULL,
  category_id int(10) UNSIGNED DEFAULT NULL,
  instrument_id int(10) UNSIGNED DEFAULT NULL,
  recent_sheets longtext binary CHARACTER SET utf8mb4 COLLATE utf8mb4_bin DEFAULT NULL CHECK (JSON_VALID(`recent_sheets`)),
  PRIMARY KEY (id)
)
ENGINE = INNODB,
AUTO_INCREMENT = 4,
AVG_ROW_LENGTH = 8192,
CHARACTER SET utf8,
COLLATE utf8_hungarian_ci;

--
-- Create table `uploaded_music`
--
CREATE TABLE uploaded_music (
  id int(11) NOT NULL AUTO_INCREMENT,
  title varchar(50) DEFAULT NULL,
  slug varchar(50) DEFAULT NULL,
  embed text DEFAULT NULL,
  instrument_id int(11) DEFAULT NULL,
  genre_id int(11) DEFAULT NULL,
  writeyear int(11) DEFAULT NULL,
  artist_id int(11) DEFAULT NULL,
  description text DEFAULT NULL,
  user_id varchar(255) DEFAULT NULL,
  PRIMARY KEY (id)
)
ENGINE = INNODB,
AUTO_INCREMENT = 3,
AVG_ROW_LENGTH = 8192,
CHARACTER SET utf8,
COLLATE utf8_hungarian_ci;

--
-- Create table `liked_post`
--
CREATE TABLE liked_post (
  id int(11) NOT NULL AUTO_INCREMENT,
  user_id int(11) DEFAULT NULL,
  music_id int(11) DEFAULT NULL,
  date date DEFAULT NULL,
  PRIMARY KEY (id)
)
ENGINE = INNODB,
AUTO_INCREMENT = 2,
CHARACTER SET utf8,
COLLATE utf8_hungarian_ci;

--
-- Create index `user_id` on table `liked_post`
--
ALTER TABLE liked_post
ADD UNIQUE INDEX user_id (user_id);

--
-- Create index `music_id` on table `liked_post`
--
ALTER TABLE liked_post
ADD UNIQUE INDEX music_id (music_id);

--
-- Create table `instruments`
--
CREATE TABLE instruments (
  id int(11) NOT NULL AUTO_INCREMENT,
  instrument_name varchar(255) DEFAULT NULL,
  image varchar(255) DEFAULT NULL,
  PRIMARY KEY (id)
)
ENGINE = INNODB,
AUTO_INCREMENT = 6,
AVG_ROW_LENGTH = 3276,
CHARACTER SET utf8,
COLLATE utf8_hungarian_ci;

--
-- Create table `comments`
--
CREATE TABLE comments (
  id int(11) NOT NULL AUTO_INCREMENT,
  user_id int(11) DEFAULT NULL,
  music_id int(11) DEFAULT NULL,
  date date DEFAULT NULL,
  comment varchar(255) DEFAULT NULL,
  PRIMARY KEY (id)
)
ENGINE = INNODB,
CHARACTER SET utf8,
COLLATE utf8_hungarian_ci;

--
-- Create index `user_id` on table `comments`
--
ALTER TABLE comments
ADD UNIQUE INDEX user_id (user_id);

--
-- Create index `music_id` on table `comments`
--
ALTER TABLE comments
ADD UNIQUE INDEX music_id (music_id);

--
-- Create table `category`
--
CREATE TABLE category (
  id int(11) NOT NULL AUTO_INCREMENT,
  category varchar(50) DEFAULT NULL,
  PRIMARY KEY (id)
)
ENGINE = INNODB,
AUTO_INCREMENT = 16,
AVG_ROW_LENGTH = 1092,
CHARACTER SET utf8,
COLLATE utf8_hungarian_ci;

--
-- Create table `artist`
--
CREATE TABLE artist (
  id int(11) NOT NULL AUTO_INCREMENT,
  name varchar(50) DEFAULT NULL,
  slug varchar(50) DEFAULT NULL,
  user_id int(11) DEFAULT NULL,
  born_age int(11) DEFAULT NULL,
  death_age int(11) DEFAULT NULL,
  description longtext DEFAULT NULL,
  instrument_id int(11) DEFAULT NULL,
  category_id int(11) DEFAULT NULL,
  country_name varchar(50) DEFAULT NULL,
  city_name varchar(50) DEFAULT NULL,
  img varchar(50) DEFAULT NULL,
  PRIMARY KEY (id)
)
ENGINE = INNODB,
AUTO_INCREMENT = 3,
AVG_ROW_LENGTH = 8192,
CHARACTER SET utf8,
COLLATE utf8_hungarian_ci;

-- 
-- Dumping data for table user
--
INSERT INTO user VALUES
(1, 'balazs.vecsei@gmail.com', 'balazs', 'Vécsei', '', '$2y$12$7ErjptIeb6l3VrSM8zxzbuBqBIF3gytPfLihv9PLvrI03Vd/jkGUe', 7, 3, NULL),
(2, 'balzs.doubleclick@gmail.com', 'Gitlab', 'Valalmi', '', '$2y$12$R1XxsJ7KWel61DD3K1Qe7erFkxWYEcIeM720ogqdclafv4HQAovMi', 1, 1, NULL),
(3, 'Admin@admin', 'Admin', 'Admin', 'Ludwig-1-2.jpg', '$2y$12$qYk/bawXk/AKqbqOx0AFyeId1PUFXo.M.2xRd6BMvh7U8Oqa20YbS', 0, 0, NULL);

-- 
-- Dumping data for table uploaded_music
--
INSERT INTO uploaded_music VALUES
(1, 'Nocturne Opus 9 No. 1 in B♭ Minor', 'nocturne-opus-9-no-1-in-b-minor', '<iframe width="100%" height="394" src="https://musescore.com/user/19710/scores/686793057984209/embed" frameborder="0" allowfullscreen allow="autoplay; fullscreen"></iframe>\r\n<span><a href="https://musescore.com/user/19710/scores/127045" target="_blank">Nocturnes, Op.9</a> by <a href="https://musescore.com/classicman">ClassicMan</a></span>', 3, 15, 1823, 1, 'The Nocturnes, Opus 9 are a set of three nocturnes written by Frédéric Chopin between 1830 and 1832 and dedicated to Madame Camille Pleyel. The work was published in 1832.', '3'),
(2, 'Prélude Opus 28 No. 4 in E Minor', 'prelude-opus-28-no-4-in-e-minor', '<iframe width="100%" height="394" src="https://musescore.com/user/19710/scores/875095043664166/embed" frameborder="0" allowfullscreen allow="autoplay; fullscreen"></iframe>\r\n<span><a href="https://musescore.com/user/19710/scores/65474" target="_blank">Preludes, Op.28</a> by <a href="https://musescore.com/classicman">ClassicMan</a></span>', 4, 15, 1823, 1, 'The Prélude Op. 28, No. 4, by Frédéric Chopin, is considered by many to be one of the most famous of the Chopin preludes. By Chopin request, the piece was played at his own funeral by Franz Liszt on a pipe organ.', '3');

-- 
-- Dumping data for table liked_post
--
-- Table project.liked_post does not contain any data (it is empty)

-- 
-- Dumping data for table instruments
--
INSERT INTO instruments VALUES
(1, 'Gitár', 'guitar.png'),
(2, 'Furulya', 'flute.png'),
(3, 'Elektromos gitár', 'electric-guitar.png'),
(4, 'Zongora', 'piano.png'),
(5, 'Hegedű', 'violin.png');

-- 
-- Dumping data for table comments
--
-- Table project.comments does not contain any data (it is empty)

-- 
-- Dumping data for table category
--
INSERT INTO category VALUES
(1, 'Afrikai'),
(2, 'Ázsiai'),
(3, 'Avantgárd'),
(4, 'Blues'),
(5, 'Komédia'),
(6, 'Country'),
(7, 'Elektronikus'),
(8, 'Népi'),
(9, 'Hip-hop zene'),
(10, 'Dzsessz'),
(11, 'Latin'),
(12, 'Pop'),
(13, 'R&B'),
(14, 'Rock'),
(15, 'Klasszikus');

-- 
-- Dumping data for table artist
--
INSERT INTO artist VALUES
(1, 'Frédéric Chopin', 'frederic-chopin', 3, 1810, 1849, 'A Varsói Hercegség Mazovia tartományában, a Sochaczew város melletti Żelazowa Wolában született. Bár a születés után hetekkel kitöltött anyakönyvben február 22. szerepel, a család március 1-jét tekintette születésnapjának. Édesapja, Mikołaj (Nicolas) Chopin (1771–1844) francia bevándorló, édesanyja, Tekla Justyna Krzyżanowska (1782–1861) lengyel volt. Egy nővére és két húga volt Chopinnek: Ludwika (1807–1855), Izabela (1811–1881) és Emilia (1812–1827). Néhány hónappal Fryderyk születése után a család Varsóba költözött, ahol a családfő franciatanárként dolgoz\r\n', 1, 1, 'Hungary', 'Debrecen', 'chopin.jfif'),
(2, 'Ludwig van Beethoven', 'ludwig-van-beethoven', 3, 1770, 1827, 'Beethoven was born in Bonn. His musical talent was obvious at an early age. He was initially harshly and intensively taught by his father Johann van Beethoven. Beethoven was later taught by the composer and conductor Christian Gottlob Neefe, under whose tutelage he published his first work, a set of keyboard variations, in 1783. He found relief fro', 3, 5, 'Németország', 'Bonn', '498px-Beethoven.jpg');

-- 
-- Restore previous SQL mode
-- 
/*!40101 SET SQL_MODE=@OLD_SQL_MODE */;

-- 
-- Enable foreign keys
-- 
/*!40014 SET FOREIGN_KEY_CHECKS = @OLD_FOREIGN_KEY_CHECKS */;